variant,fitness,indices
WIGG,1.9715128,102915
IYIG,1.9368262,97910
ITVG,1.9163716,126925
YTAG,1.9104321,24555
YTPG,1.9047408,89858
VYIG,1.904185,147370
YEAG,1.9041057,32933
NEVG,1.8918002,16999
WRGG,1.887037,11016
WFGG,1.8853941,100135
YYPG,1.8841503,23888
YNAG,1.8753924,113590
VTVG,1.8752048,69938
IDAG,1.871649,100920
WGVG,1.8704834,147715
WLGG,1.8703821,91465
IAIG,1.8673105,70984
FAVG,1.8592689,76655
YDAG,1.8586574,130866
IELG,1.8502154,21956
ARIG,1.8500485,4722
IHAG,1.8463411,70283
QKVG,1.844811,58304
NKVG,1.8442752,11924
FTAG,1.8414772,54841
NNVG,1.8413062,143310
ARVG,1.8357503,15729
WDAG,1.8347974,87302
WKGG,1.832727,88663
CDAG,1.8325088,78779
AQVG,1.8323498,12605
AIVG,1.830158,142482
NVVG,1.8273835,60914
YSAG,1.8255193,42152
WCPG,1.8229318,53642
LELG,1.8223836,8960
YQAG,1.8148105,108306
EEPG,1.8140075,12758
KISG,1.8102455,43865
EIAG,1.8101943,117302
YTGG,1.8099296,82566
AEVG,1.809464,125367
ANVG,1.8061993,138905
AKVG,1.8036268,68672
IKAG,1.8027883,43286
IQAG,1.8010643,50606
ALIG,1.7999659,21808
NISG,1.7991493,134054
YAAG,1.7964146,25451
WING,1.7938263,68751
VEAG,1.791754,129077
IEAG,1.7916176,16095
EIKG,1.7915118,29855
VDAG,1.7908299,114618
KDAG,1.7900636,107939
TIGG,1.7899339,109744
WPVG,1.7877364,51900
WPYG,1.7873795,132013
FNAG,1.7869704,31119
WSGG,1.785774,27275
DIKG,1.7857616,41163
NVAG,1.7855966,138576
EVVG,1.785192,89982
CEAG,1.7832983,106133
EISG,1.7831717,61209
LAIG,1.7822793,127362
GKIG,1.7813296,8748
LTCG,1.7806172,66538
AIIG,1.7803068,129883
HTPG,1.7793407,82228
WQAG,1.7779372,60092
ISAG,1.7770097,23153
ITAG,1.7759016,48704
ALVG,1.774514,101922
QISG,1.7744608,16500
MDAG,1.7741735,67579
ICAG,1.7701018,52080
WTPG,1.7692089,70351
AELG,1.7691569,33347
WMPG,1.768959,44104
WQPG,1.7677948,147039
TITG,1.7644556,97294
TIVG,1.7627025,125034
INAG,1.7623987,106248
WEPG,1.7614498,21610
YNPG,1.7601936,119817
WCNG,1.759691,92992
GKVG,1.7596366,84732
WEGG,1.7587774,86641
WSPG,1.7577026,50471
