,variant,fitness,indices
102915,WIGG,1.9715128,102915
97910,IYIG,1.9368262,97910
126925,ITVG,1.9163716,126925
24555,YTAG,1.9104321,24555
89858,YTPG,1.9047408,89858
147370,VYIG,1.904185,147370
32933,YEAG,1.9041057,32933
16999,NEVG,1.8918002,16999
11016,WRGG,1.887037,11016
100135,WFGG,1.8853941,100135
23888,YYPG,1.8841503,23888
113590,YNAG,1.8753924,113590
69938,VTVG,1.8752048,69938
100920,IDAG,1.871649,100920
147715,WGVG,1.8704834,147715
91465,WLGG,1.8703821,91465
70984,IAIG,1.8673105,70984
76655,FAVG,1.8592689,76655
130866,YDAG,1.8586574,130866
21956,IELG,1.8502154,21956
4722,ARIG,1.8500485,4722
70283,IHAG,1.8463411,70283
58304,QKVG,1.844811,58304
11924,NKVG,1.8442752,11924
54841,FTAG,1.8414772,54841
143310,NNVG,1.8413062,143310
15729,ARVG,1.8357503,15729
87302,WDAG,1.8347974,87302
88663,WKGG,1.832727,88663
78779,CDAG,1.8325088,78779
12605,AQVG,1.8323498,12605
142482,AIVG,1.830158,142482
60914,NVVG,1.8273835,60914
42152,YSAG,1.8255193,42152
53642,WCPG,1.8229318,53642
8960,LELG,1.8223836,8960
108306,YQAG,1.8148105,108306
12758,EEPG,1.8140075,12758
43865,KISG,1.8102455,43865
117302,EIAG,1.8101943,117302
82566,YTGG,1.8099296,82566
125367,AEVG,1.809464,125367
138905,ANVG,1.8061993,138905
68672,AKVG,1.8036268,68672
43286,IKAG,1.8027883,43286
50606,IQAG,1.8010643,50606
21808,ALIG,1.7999659,21808
134054,NISG,1.7991493,134054
25451,YAAG,1.7964146,25451
68751,WING,1.7938263,68751
129077,VEAG,1.791754,129077
16095,IEAG,1.7916176,16095
29855,EIKG,1.7915118,29855
114618,VDAG,1.7908299,114618
107939,KDAG,1.7900636,107939
109744,TIGG,1.7899339,109744
51900,WPVG,1.7877364,51900
132013,WPYG,1.7873795,132013
31119,FNAG,1.7869704,31119
27275,WSGG,1.785774,27275
41163,DIKG,1.7857616,41163
138576,NVAG,1.7855966,138576
89982,EVVG,1.785192,89982
106133,CEAG,1.7832983,106133
61209,EISG,1.7831717,61209
127362,LAIG,1.7822793,127362
8748,GKIG,1.7813296,8748
66538,LTCG,1.7806172,66538
129883,AIIG,1.7803068,129883
82228,HTPG,1.7793407,82228
60092,WQAG,1.7779372,60092
23153,ISAG,1.7770097,23153
48704,ITAG,1.7759016,48704
101922,ALVG,1.774514,101922
16500,QISG,1.7744608,16500
67579,MDAG,1.7741735,67579
52080,ICAG,1.7701018,52080
70351,WTPG,1.7692089,70351
33347,AELG,1.7691569,33347
44104,WMPG,1.768959,44104
147039,WQPG,1.7677948,147039
97294,TITG,1.7644556,97294
125034,TIVG,1.7627025,125034
106248,INAG,1.7623987,106248
21610,WEPG,1.7614498,21610
119817,YNPG,1.7601936,119817
92992,WCNG,1.759691,92992
84732,GKVG,1.7596366,84732
86641,WEGG,1.7587774,86641
50471,WSPG,1.7577026,50471
